capture_date,capture_file,state,agency,support,signed,link,addendum,date_only
2024-12-18 02:59:39,20241218025939.html,ALABAMA,Etowah County Sheriff's Office,Jail Enforcement Model,2020-06-09,https://www.ice.gov/doclib/287gMOA/287gJEM_ etowahCoAL_06-09-2020.pdf,,20241218
2024-12-18 02:59:39,20241218025939.html,ALASKA,Department of Corrections,Warrant Service Officer,2020-07-24,https://www.ice.gov/doclib/287gMOA/287gWSO_DeptOfCorrectionsAK_07-24-2020.pdf,,20241218
2024-12-18 02:59:39,20241218025939.html,ALASKA,Kodiak Police Department,Warrant Service Officer,2020-07-20,https://www.ice.gov/doclib/287gMOA/287gWSO_KodiakAk2020-07-20.pdf,,20241218
2024-12-18 02:59:39,20241218025939.html,ARIZONA,Arizona Department of Corrections,Jail Enforcement Model,2020-06-16,https://www.ice.gov/doclib/287gMOA/287gJEM_ArizDOC_AZ_06-16-2020.pdf,,20241218
2024-12-18 02:59:39,20241218025939.html,ARIZONA,La Paz County Sheriff's Office,Jail Enforcement Model,2020-03-12,https://www.ice.gov/doclib/287gMOA/287gJEM_LaPazCoAZ2020-03-12.pdf,,20241218
2024-12-18 02:59:39,20241218025939.html,ARIZONA,La Paz County Sheriff's Office,Warrant Service Officer,2020-02-27,https://www.ice.gov/doclib/287gMOA/287gWSO_LaPazCoAz2020-02-27.pdf,,20241218
2024-12-18 02:59:39,20241218025939.html,ARIZONA,Mesa Police Department,Jail Enforcement Model,2020-06-08,https://www.ice.gov/doclib/287gMOA/287gJEM_MesaPoliceDeptAZ_06-08-2020.pdf,,20241218
2024-12-18 02:59:39,20241218025939.html,ARIZONA,Pinal County Sheriff's Office,Jail Enforcement Model,2020-06-09,https://www.ice.gov/doclib/287gMOA/287gJEM_PinalCoAz2020-06-09.pdf,,20241218
2024-12-18 02:59:39,20241218025939.html,ARIZONA,Yavapai County Sheriff's Office,Jail Enforcement Model,2020-06-09,https://www.ice.gov/doclib/287gMOA/287gJEM_YvapaiCoAZ2020-06-09.pdf,,20241218
2024-12-18 02:59:39,20241218025939.html,ARKANSAS,Benton County Sheriff's Office,Jail Enforcement Model,2020-06-30,https://www.ice.gov/doclib/287gMOA/287gJEM_BentonCoAR_06-30-2020.pdf,,20241218
2024-12-18 02:59:39,20241218025939.html,ARKANSAS,Craighead County Sheriff's Office,Jail Enforcement Model,2020-06-18,https://www.ice.gov/doclib/287gMOA/287gJEM_CraigheadCoAR_06-18-2020.pdf,,20241218
2024-12-18 02:59:39,20241218025939.html,COLORADO,Teller County Sheriff's Office,Jail Enforcement Model,2020-06-08,https://www.ice.gov/doclib/287gMOA/287gJEM_TellerCoCo2020-06-08.pdf,,20241218
2024-12-18 02:59:39,20241218025939.html,FLORIDA,Baker County Sheriff's Office,Warrant Service Officer,2019-10-15,https://www.ice.gov/doclib/287gMOA/287gWSO_BakerCoFl2019-10-15.pdf,,20241218
2024-12-18 02:59:39,20241218025939.html,FLORIDA,Bay County Sheriff's Office,Warrant Service Officer,2019-10-15,https://www.ice.gov/doclib/287gMOA/287gWSO_BayCoFl2019-10-15.pdf,,20241218
2024-12-18 02:59:39,20241218025939.html,FLORIDA,Bradford County Sheriff's Office,Warrant Service Officer,2019-10-15,https://www.ice.gov/doclib/287gMOA/287gWSO_BradfordCoFl2019-10-15.pdf,,20241218
2024-12-18 02:59:39,20241218025939.html,FLORIDA,Brevard County Sheriff's Office,Warrant Service Officer,2019-05-06,https://www.ice.gov/doclib/287gMOA/287gWSO_BrevardCoFl2019-05-06.pdf,,20241218
2024-12-18 02:59:39,20241218025939.html,FLORIDA,Broward County Sheriff's Office,Warrant Service Officer,2019-09-09,https://www.ice.gov/doclib/287gMOA/287gWSO_BrowardCoFl2019-09-09.pdf,,20241218
2024-12-18 02:59:39,20241218025939.html,FLORIDA,Calhoun County Sheriff's Office,Warrant Service Officer,2019-09-09,https://www.ice.gov/doclib/287gMOA/287gWSO_CalhounCoFl2019-09-09.pdf,,20241218
2024-12-18 02:59:39,20241218025939.html,FLORIDA,Charlotte County Sheriff's Office,Warrant Service Officer,2019-05-06,https://www.ice.gov/doclib/287gMOA/287gWSO_CharlotteCoFl2019-05-06.pdf,,20241218
2024-12-18 02:59:39,20241218025939.html,FLORIDA,Clay County Sheriff's Office,Jail Enforcement Model,2020-03-11,https://www.ice.gov/doclib/287gMOA/287gJEM_ClayCoFl2020-03-11.pdf,,20241218
2024-12-18 02:59:39,20241218025939.html,FLORIDA,Collier County Sheriff's Office,Jail Enforcement Model,2020-06-09,https://www.ice.gov/doclib/287gMOA/287gJEM_CollierCoFL2020-06-09.pdf,,20241218
2024-12-18 02:59:39,20241218025939.html,FLORIDA,Columbia County Sheriff's Office,Warrant Service Officer,2019-05-06,https://www.ice.gov/doclib/287gMOA/287gWSO_ColumbiaCoFl2019-05-06.pdf,,20241218
2024-12-18 02:59:39,20241218025939.html,FLORIDA,DeSoto County Sheriff's Office,Warrant Service Officer,2019-10-15,https://www.ice.gov/doclib/287gMOA/287gWSO_DesotoCoFl2019-10-15.pdf,,20241218
2024-12-18 02:59:39,20241218025939.html,FLORIDA,Flagler County Sheriff's Office,Warrant Service Officer,2019-09-09,https://www.ice.gov/doclib/287gMOA/287gWSO_FlaglerCoFl2019-09-09.pdf,,20241218
2024-12-18 02:59:39,20241218025939.html,FLORIDA,Florida Department of Corrections,Jail Enforcement Model,2020-08-21,https://www.ice.gov/doclib/287gMOA/287gJEM_FL_DOC_FL_08-21-2020.pdf,,20241218
2024-12-18 02:59:39,20241218025939.html,FLORIDA,Franklin County Sheriff's Office,Warrant Service Officer,2019-10-15,https://www.ice.gov/doclib/287gMOA/287gWSO_FranklinCoFl2019-10-15.pdf,,20241218
2024-12-18 02:59:39,20241218025939.html,FLORIDA,Hamilton County Sheriff's Office,Warrant Service Officer,2019-10-15,https://www.ice.gov/doclib/287gMOA/287gWSO_HamiltonCoFl2019-10-15.pdf,,20241218
2024-12-18 02:59:39,20241218025939.html,FLORIDA,Hendry County Sheriff's Office,Warrant Service Officer,2019-10-15,https://www.ice.gov/doclib/287gMOA/287gWSO_HendryCoFl2019-10-15.pdf,,20241218
2024-12-18 02:59:39,20241218025939.html,FLORIDA,Hernando County Sheriff's Office,Jail Enforcement Model,2020-06-09,https://www.ice.gov/doclib/287gMOA/287gJEM_HernandoCoFl2020-06-09.pdf,,20241218
2024-12-18 02:59:39,20241218025939.html,FLORIDA,Hernando County Sheriff's Office,Warrant Service Officer,2019-05-06,https://www.ice.gov/doclib/287gMOA/287gWSO_HernandoCoFl2019-05-06.pdf,,20241218
2024-12-18 02:59:39,20241218025939.html,FLORIDA,Highlands County Sheriff's Office,Warrant Service Officer,2019-10-15,https://www.ice.gov/doclib/287gMOA/287gWSO_HighlandsCoFl2019-10-15.pdf,,20241218
2024-12-18 02:59:39,20241218025939.html,FLORIDA,Holmes County Sheriff's Office,Warrant Service Officer,2019-10-15,https://www.ice.gov/doclib/287gMOA/287gWSO_HolmesCoFl2019-10-15.pdf,,20241218
2024-12-18 02:59:39,20241218025939.html,FLORIDA,Indian River County Sheriff's Office,Warrant Service Officer,2019-10-15,https://www.ice.gov/doclib/287gMOA/287gWSO_IndianRiverCoFL2019-10-15.pdf,,20241218
2024-12-18 02:59:39,20241218025939.html,FLORIDA,Jacksonville Sheriff's Office,Jail Enforcement Model,2020-06-09,https://www.ice.gov/doclib/287gMOA/287gJEM_JacksonvilleCoFl2020-06-09.pdf,,20241218
2024-12-18 02:59:39,20241218025939.html,FLORIDA,Jefferson County Sheriff's Office,Warrant Service Officer,2019-10-15,https://www.ice.gov/doclib/287gMOA/287gWSO_JeffersonCoFl2019-10-15.pdf,,20241218
2024-12-18 02:59:39,20241218025939.html,FLORIDA,Lafayette County Sheriff's Office,Warrant Service Officer,2019-10-15,https://www.ice.gov/doclib/287gMOA/287gWSO_LafayetteCoFl2019-10-15.pdf,,20241218
2024-12-18 02:59:39,20241218025939.html,FLORIDA,Lake County Sheriff's Office,Warrant Service Officer,2019-10-15,https://www.ice.gov/doclib/287gMOA/287gWSO_LakeCoFl2019-10-15.pdf,,20241218
2024-12-18 02:59:39,20241218025939.html,FLORIDA,Leon County Sheriff's Office,Warrant Service Officer,2019-10-15,https://www.ice.gov/doclib/287gMOA/287gWSO_LeonCoFl2019-10-15.pdf,,20241218
2024-12-18 02:59:39,20241218025939.html,FLORIDA,Levy County Sheriff's Office,Warrant Service Officer,2019-05-06,https://www.ice.gov/doclib/287gMOA/287gWSO_LevyCoFl2019-05-06.pdf,,20241218
2024-12-18 02:59:39,20241218025939.html,FLORIDA,Liberty County Sheriff's Office,Warrant Service Officer,2019-09-09,https://www.ice.gov/doclib/287gMOA/287gWSO_LibertyCoFl2019-09-09.pdf,,20241218
2024-12-18 02:59:39,20241218025939.html,FLORIDA,Madison County Sheriff's Office,Warrant Service Officer,2019-09-09,https://www.ice.gov/doclib/287gMOA/287gWSO_MadisonCoFl2019-09-09.pdf,,20241218
2024-12-18 02:59:39,20241218025939.html,FLORIDA,Manatee County Sheriff's Office,Warrant Service Officer,2019-05-06,https://www.ice.gov/doclib/287gMOA/287gWSO_ManateeCoFl2019-05-06.pdf,,20241218
2024-12-18 02:59:39,20241218025939.html,FLORIDA,Marion County Sheriff's Office,Warrant Service Officer,2019-10-15,https://www.ice.gov/doclib/287gMOA/287gWSO_MarionCoFl2019-10-15.pdf,,20241218
2024-12-18 02:59:39,20241218025939.html,FLORIDA,Martin County Sheriff's Office,Warrant Service Officer,2020-01-22,https://www.ice.gov/doclib/287gMOA/287gWSO_MartinCoFl2020-01-22.pdf,,20241218
2024-12-18 02:59:39,20241218025939.html,FLORIDA,Monroe County Sheriff's Office,Warrant Service Officer,2019-10-15,https://www.ice.gov/doclib/287gMOA/287gWSO_MonroeCoFl2019-10-15.pdf,,20241218
2024-12-18 02:59:39,20241218025939.html,FLORIDA,Nassau County Sheriff's Office,Warrant Service Officer,2019-10-15,https://www.ice.gov/doclib/287gMOA/287gWSO_NassauCoFl2019-10-15.pdf,,20241218
2024-12-18 02:59:39,20241218025939.html,FLORIDA,Okeechobee County Sheriff's Office,Warrant Service Officer,2019-10-15,https://www.ice.gov/doclib/287gMOA/287gWSO_OkeechobeeCoFl2019-10-15.pdf,,20241218
2024-12-18 02:59:39,20241218025939.html,FLORIDA,Osceola County Corrections Department,Warrant Service Officer,2019-10-15,https://www.ice.gov/doclib/287gMOA/287gWSO_OsceolaCoCorrDeptFl2019-10-15.pdf,,20241218
2024-12-18 02:59:39,20241218025939.html,FLORIDA,Pinellas County Sheriff's Office,Warrant Service Officer,2019-04-24,https://www.ice.gov/doclib/287gMOA/287gWSO_PinellasCoFl2019-04-24.pdf,,20241218
2024-12-18 02:59:39,20241218025939.html,FLORIDA,Polk County Sheriff's Office,Warrant Service Officer,2019-05-06,https://www.ice.gov/doclib/287gMOA/287gWSO_PolkCoFl2019-05-06.pdf,,20241218
2024-12-18 02:59:39,20241218025939.html,FLORIDA,Putnam County Sheriff's Office,Warrant Service Officer,2019-10-15,https://www.ice.gov/doclib/287gMOA/287gWSO_PutnamCoFl2019-10-15.pdf,,20241218
2024-12-18 02:59:39,20241218025939.html,FLORIDA,Santa Rosa County Sheriff's Office,Warrant Service Officer,2019-10-15,https://www.ice.gov/doclib/287gMOA/287gWSO_SantaRosaCoFl2019-10-15.pdf,,20241218
2024-12-18 02:59:39,20241218025939.html,FLORIDA,Sarasota County Sheriff's Office,Warrant Service Officer,2019-05-06,https://www.ice.gov/doclib/287gMOA/287gWSO_SarasotaCoFl2019-05-06.pdf,,20241218
2024-12-18 02:59:39,20241218025939.html,FLORIDA,Seminole County Sheriff's Office,Warrant Service Officer,2019-09-04,https://www.ice.gov/doclib/287gMOA/287gWSO_SeminoleCoFl2019-09-04.pdf,,20241218
2024-12-18 02:59:39,20241218025939.html,FLORIDA,St Johns County Sheriff's Office,Warrant Service Officer,2019-10-15,https://www.ice.gov/doclib/287gMOA/287gWSO_StJohnsCoFl2019-10-15.pdf,,20241218
2024-12-18 02:59:39,20241218025939.html,FLORIDA,Sumter County Sheriff's Office,Warrant Service Officer,2019-10-15,https://www.ice.gov/doclib/287gMOA/287gWSO_SumterCoFl2019-10-15.pdf,,20241218
2024-12-18 02:59:39,20241218025939.html,FLORIDA,Suwannee County Sheriff's Office,Warrant Service Officer,2019-10-15,https://www.ice.gov/doclib/287gMOA/287gWSO_SuwanneeCoFl2019-10-15.pdf,,20241218
2024-12-18 02:59:39,20241218025939.html,FLORIDA,Taylor County Sheriff's Office,Warrant Service Officer,2019-10-15,https://www.ice.gov/doclib/287gMOA/287gWSO_TaylorCoFl2019-10-15.pdf,,20241218
2024-12-18 02:59:39,20241218025939.html,FLORIDA,Wakulla County Sheriff's Office,Warrant Service Officer,2019-10-15,https://www.ice.gov/doclib/287gMOA/287gWSO_WakullaCoFl2019-10-15.pdf,,20241218
2024-12-18 02:59:39,20241218025939.html,FLORIDA,Walton County Sheriff's Office,Warrant Service Officer,2019-05-06,https://www.ice.gov/doclib/287gMOA/287gWSO_WaltonCoFl2019-05-06.pdf,,20241218
2024-12-18 02:59:39,20241218025939.html,GEORGIA,Floyd County Sheriff's Office,Jail Enforcement Model,2020-06-10,https://www.ice.gov/doclib/287gMOA/287gJEM_FloydCoGa2020-06-10.pdf,,20241218
2024-12-18 02:59:39,20241218025939.html,GEORGIA,Georgia Department of Corrections,Jail Enforcement Model,2020-06-09,https://www.ice.gov/doclib/287gMOA/287gJEM_GeorgiaDOC_06-09-2020.pdf,,20241218
2024-12-18 02:59:39,20241218025939.html,GEORGIA,Hall County Sheriff's Office,Jail Enforcement Model,2020-06-09,https://www.ice.gov/doclib/287gMOA/287gJEM_HallCoGa2020-06-09.pdf,,20241218
2024-12-18 02:59:39,20241218025939.html,GEORGIA,Oconee County Sheriff's Office,Warrant Service Officer,2019-12-31,https://www.ice.gov/doclib/287gMOA/287gWSO_OconeeCoGa2019-12-31.pdf,,20241218
2024-12-18 02:59:39,20241218025939.html,GEORGIA,Polk County Sheriff's Office,Jail Enforcement Model,2020-07-02,https://www.ice.gov/doclib/287gMOA/287gJEM_PolkCoGa2020-07-02.pdf,,20241218
2024-12-18 02:59:39,20241218025939.html,GEORGIA,Whitfield County Sheriff's Office,Jail Enforcement Model,2020-06-09,https://www.ice.gov/doclib/287gMOA/287gJEM_WhitfieldCoGa2020-06-09.pdf,,20241218
2024-12-18 02:59:39,20241218025939.html,IDAHO,Gooding County Sheriff's Office,Warrant Service Officer,2020-08-17,https://www.ice.gov/doclib/287gMOA/287gWSO_GoodingCoID_08-17-2020.pdf,,20241218
2024-12-18 02:59:39,20241218025939.html,IDAHO,Power County Sheriff’s Office,Warrant Service Officer,2020-11-20,https://www.ice.gov/doclib/287gMOA/287gWSO_PowerCountyID11-20-2020.pdf,,20241218
2024-12-18 02:59:39,20241218025939.html,KANSAS,Finney County Sheriff’s Office,Warrant Service Officer,2020-03-17,https://www.ice.gov/doclib/287gMOA/287gWSO_FinneyCoKs2020-03-17.pdf,,20241218
2024-12-18 02:59:39,20241218025939.html,KANSAS,Jackson County Sheriff’s Office,Warrant Service Officer,2020-07-23,https://www.ice.gov/doclib/287gMOA/287gWSO_JacksonCoKS_07-23-2020.pdf,,20241218
2024-12-18 02:59:39,20241218025939.html,MARYLAND,Cecil County Sheriff's Office,Jail Enforcement Model,2020-03-09,https://www.ice.gov/doclib/287gMOA/287gJEM_CecilCoMD2020-03-09.pdf,,20241218
2024-12-18 02:59:39,20241218025939.html,MARYLAND,Frederick County Sheriff's Office,Jail Enforcement Model,2020-06-09,https://www.ice.gov/doclib/287gMOA/287gJEM_FrederickCoMD2020-06-09.pdf,,20241218
2024-12-18 02:59:39,20241218025939.html,MARYLAND,Harford County Sheriff's Office,Jail Enforcement Model,2020-06-26,https://www.ice.gov/doclib/287gMOA/287gJEM_HarfordCoMd2020-06-26.pdf,,20241218
2024-12-18 02:59:39,20241218025939.html,MASSACHUSETTS,Massachusetts Department of Corrections,Jail Enforcement Model,2020-06-08,https://www.ice.gov/doclib/287gMOA/287g_JEM_MassDOC_06-08-2020.pdf,,20241218
2024-12-18 02:59:39,20241218025939.html,MONTANA,Flathead County Sheriff's Department,Warrant Service Officer,2020-02-12,https://www.ice.gov/doclib/287gMOA/287gWSO_FlatheadCoMt2020-02-12.pdf,,20241218
2024-12-18 02:59:39,20241218025939.html,MONTANA,Gallatin County Sheriff's Office,Warrant Service Officer,2020-01-22,https://www.ice.gov/doclib/287gMOA/287gWSO_GallatinCoMT_01-22-2020.pdf,,20241218
2024-12-18 02:59:39,20241218025939.html,NEBRASKA,Dakota County Sheriff's Office,Jail Enforcement Model,2020-06-09,https://www.ice.gov/doclib/287gMOA/287g-DAKOTACounty-2020-06-09.pdf,,20241218
2024-12-18 02:59:39,20241218025939.html,NEW YORK,Rensselaer County Sheriff's Office,Jail Enforcement Model,2020-06-10,https://www.ice.gov/doclib/287gMOA/287g_JEM_RensselaerCoNY_06-10-2020.pdf,,20241218
2024-12-18 02:59:39,20241218025939.html,NORTH CAROLINA,Alamance County Sheriff's Office,Warrant Service Officer,2020-05-21,https://www.ice.gov/doclib/287gMOA/287gWSO_AlamanceCoNC_05-21-2020.pdf,,20241218
2024-12-18 02:59:39,20241218025939.html,NORTH CAROLINA,Albermarle District Jail,Warrant Service Officer,2020-03-19,https://www.ice.gov/doclib/287gMOA/287gWSO_AlbermarleDistrictJailNC_03-19-2020.pdf,,20241218
2024-12-18 02:59:39,20241218025939.html,NORTH CAROLINA,Avery County Sheriff's Office,Warrant Service Officer,2020-07-23,https://www.ice.gov/doclib/287gMOA/287gWSO_AveryCoNC_07-23-2020.pdf,,20241218
2024-12-18 02:59:39,20241218025939.html,NORTH CAROLINA,Brunswick County Sheriff's Office,Warrant Service Officer,2020-07-23,https://www.ice.gov/doclib/287gMOA/287gWSO_BrunswickCoNC_07-23-2020.pdf,,20241218
2024-12-18 02:59:39,20241218025939.html,NORTH CAROLINA,Cabarrus County Sheriff's Office,Jail Enforcement Model,2020-03-11,https://www.ice.gov/doclib/287gMOA/287gJEM_CabarrusCoNC2020-03-11.pdf,,20241218
2024-12-18 02:59:39,20241218025939.html,NORTH CAROLINA,Caldwell County Sheriff's Office,Warrant Service Officer,2020-03-19,https://www.ice.gov/doclib/287gMOA/287gWSO_CaldwellCoNC_03-19-2020.pdf,,20241218
2024-12-18 02:59:39,20241218025939.html,NORTH CAROLINA,Cleveland County Sheriff's Office,Warrant Service Officer,2020-01-16,https://www.ice.gov/doclib/287gMOA/287gWSO_ClevelandCoNc2020-01-16.pdf,,20241218
2024-12-18 02:59:39,20241218025939.html,NORTH CAROLINA,Duplin County Sheriff's Office,Warrant Service Officer,2020-06-25,https://www.ice.gov/doclib/287gMOA/287gWSO_DuplinCoNC_06-25-2020.pdf,,20241218
2024-12-18 02:59:39,20241218025939.html,NORTH CAROLINA,Gaston County Sheriff's Office,Jail Enforcement Model,2020-06-09,https://www.ice.gov/doclib/287gMOA/287gJEM_GastonCoNC2020-06-09.pdf,,20241218
2024-12-18 02:59:39,20241218025939.html,NORTH CAROLINA,Henderson County Sheriff's Office,Jail Enforcement Model,2020-06-09,https://www.ice.gov/doclib/287gMOA/287gJEM_HendersonCoNC2020-06-09.pdf,,20241218
2024-12-18 02:59:39,20241218025939.html,NORTH CAROLINA,Lincoln County Sheriff's Office,Warrant Service Officer,2020-06-05,https://www.ice.gov/doclib/287gMOA/287gWSO_LincolnCoNC2020-06-05.pdf,,20241218
2024-12-18 02:59:39,20241218025939.html,NORTH CAROLINA,Nash County Sheriff's Office,Warrant Service Officer,2020-01-29,https://www.ice.gov/doclib/287gMOA/287gWSO_NashCoNC2020-01-29.pdf,,20241218
2024-12-18 02:59:39,20241218025939.html,NORTH CAROLINA,Randolph County Sheriff's Office,Warrant Service Officer,2020-05-21,https://www.ice.gov/doclib/287gMOA/287gWSO_RandolphCoNC_05-21-2020.pdf,,20241218
2024-12-18 02:59:39,20241218025939.html,NORTH CAROLINA,Rockingham County Sheriff's Office,Warrant Service Officer,2019-12-31,https://www.ice.gov/doclib/287gMOA/287gWSO_RockinghamCoNc2019-12-31.pdf,,20241218
2024-12-18 02:59:39,20241218025939.html,NORTH CAROLINA,Yancey County Sheriff's Office,Warrant Service Officer,2020-07-20,https://www.ice.gov/doclib/287gMOA/287gWSO_YanceyNc2020-07-20.pdf,,20241218
2024-12-18 02:59:39,20241218025939.html,OKLAHOMA,Canadian County Sheriff's Office,Jail Enforcement Model,2020-03-13,https://www.ice.gov/doclib/287gMOA/287gJEM_CanadianCoOK2020-03-13.pdf,,20241218
2024-12-18 02:59:39,20241218025939.html,OKLAHOMA,Okmulgee County Criminal Justice Authority,Jail Enforcement Model,2020-06-09,https://www.ice.gov/doclib/287gMOA/287gJEM_OkmulgeeCoOK_06-09-2020.pdf,,20241218
2024-12-18 02:59:39,20241218025939.html,OKLAHOMA,Tulsa County Sheriff's Office,Jail Enforcement Model,2020-06-08,https://www.ice.gov/doclib/287gMOA/287gJEM_TulsaCoOK_06-08-2020.pdf,,20241218
2024-12-18 02:59:39,20241218025939.html,SOUTH CAROLINA,Horry County Sheriff's Office,Jail Enforcement Model,2020-06-09,https://www.ice.gov/doclib/287gMOA/287gJEM_HorryCoSC_06-09-2020.pdf,,20241218
2024-12-18 02:59:39,20241218025939.html,SOUTH CAROLINA,Lexington County Sheriff's Office,Jail Enforcement Model,2020-06-08,https://www.ice.gov/doclib/287gMOA/287gJEM_LexingtonCountySC_2020-06-08.pdf,,20241218
2024-12-18 02:59:39,20241218025939.html,SOUTH CAROLINA,York County Sheriff's Office,Jail Enforcement Model,2020-06-09,https://www.ice.gov/doclib/287gMOA/287gJEM_YorkCoSc2020-06-09.pdf,,20241218
2024-12-18 02:59:39,20241218025939.html,TENNESSEE,Greene County Sheriff’s Office,Jail Enforcement Model,2020-06-09,https://www.ice.gov/doclib/287gMOA/287gJEM_GreeneCoTn2020-06-09.pdf,,20241218
2024-12-18 02:59:39,20241218025939.html,TENNESSEE,Knox County Sheriff’s Office,Jail Enforcement Model,2020-06-08,https://www.ice.gov/doclib/287gMOA/287g_JEM_Knox_6-8-2020.pdf,,20241218
2024-12-18 02:59:39,20241218025939.html,TEXAS,Aransas County Sheriff's Office,Jail Enforcement Model,2020-06-08,https://www.ice.gov/doclib/287gMOA/287gJEM_AransasCoTX_06-08-2020.pdf,https://www.ice.gov/doclib/287gMOA/287gJEM_AransasCoTX_addendum.pdf,20241218
2024-12-18 02:59:39,20241218025939.html,TEXAS,Burnet County Sheriff's Office,Warrant Service Officer,2019-11-05,https://www.ice.gov/doclib/287gMOA/287gWSO_BurnetCoTx2019-11-05.pdf,,20241218
2024-12-18 02:59:39,20241218025939.html,TEXAS,Calhoun County Sheriff’s Office,Jail Enforcement Model,2020-03-13,https://www.ice.gov/doclib/287gMOA/287gJEM_CalhounCoTX_03-13-2020.pdf,,20241218
2024-12-18 02:59:39,20241218025939.html,TEXAS,Chambers County Sheriff’s Office,Jail Enforcement Model,2020-06-09,https://www.ice.gov/doclib/287gMOA/287gJEM_ChambersCoTX_06-09-2020.pdf,,20241218
2024-12-18 02:59:39,20241218025939.html,TEXAS,DeWitt County Sheriff’s Office,Jail Enforcement Model,2020-06-08,https://www.ice.gov/doclib/287gMOA/287gJEM_DeWittCoTX_06-08-2020.pdf,,20241218
2024-12-18 02:59:39,20241218025939.html,TEXAS,Galveston County Sheriff’s Office,Jail Enforcement Model,2020-06-08,https://www.ice.gov/doclib/287gMOA/287gJEM_GalvestonCoTX_06-08-2020.pdf,,20241218
2024-12-18 02:59:39,20241218025939.html,TEXAS,Goliad County Sheriff’s Office,Jail Enforcement Model,2020-06-09,https://www.ice.gov/doclib/287gMOA/287gJEM_GoliadCoTX_06-09-2020.pdf,,20241218
2024-12-18 02:59:39,20241218025939.html,TEXAS,Jackson County Sheriff's Office,Jail Enforcement Model,2020-06-08,https://www.ice.gov/doclib/287gMOA/287gJEM_JacksonCoTX_06-08-2020.pdf,,20241218
2024-12-18 02:59:39,20241218025939.html,TEXAS,Kendall County Sheriff's Office,Warrant Service Officer,2020-12-23,https://www.ice.gov/doclib/287gMOA/287gWSO_KendallCoTX_12-23-2020.pdf,,20241218
2024-12-18 02:59:39,20241218025939.html,TEXAS,Kleberg County Sheriff's Office,Jail Enforcement Model,2020-07-31,https://www.ice.gov/doclib/287gMOA/287gJEM_KlebergCoTX_07-31-2020.pdf,,20241218
2024-12-18 02:59:39,20241218025939.html,TEXAS,Lavaca County Sheriff’s Office,Jail Enforcement Model,2020-06-08,https://www.ice.gov/doclib/287gMOA/287gJEM_LavacaCoTX_06-08-2020.pdf,,20241218
2024-12-18 02:59:39,20241218025939.html,TEXAS,Lubbock County Sheriff's Office,Jail Enforcement Model,2020-06-08,https://www.ice.gov/doclib/287gMOA/287g_JEM_LubbockCoTX_06-08-2020.pdf,,20241218
2024-12-18 02:59:39,20241218025939.html,TEXAS,Matagorda County Sheriff's Office,Jail Enforcement Model,2020-03-13,https://www.ice.gov/doclib/287gMOA/287gJEM_MatagordaCoTX_03-13-2020.pdf,,20241218
2024-12-18 02:59:39,20241218025939.html,TEXAS,Montgomery County Sheriff’s Office,Jail Enforcement Model,2020-06-09,https://www.ice.gov/doclib/287gMOA/287gJEM_ montgomeryCoTX_06-09-2020.pdf,https://www.ice.gov/doclib/287gMOA/287gJEM_ montgomeryCoTX_06-09-2020_addendum.pdf,20241218
2024-12-18 02:59:39,20241218025939.html,TEXAS,Nueces County Sheriff's Office,Jail Enforcement Model,2020-06-09,https://www.ice.gov/doclib/287gMOA/287gJEM_NuecesCoTx2020-06-09.pdf,https://www.ice.gov/doclib/287gMOA/287gJEM_NuecesCoTx_addendum.pdf,20241218
2024-12-18 02:59:39,20241218025939.html,TEXAS,Potter County Sheriff's Office,Jail Enforcement Model,2020-03-02,https://www.ice.gov/doclib/287gMOA/2878gJEM_PotterCoTX_03-02-2020.pdf,,20241218
2024-12-18 02:59:39,20241218025939.html,TEXAS,Refugio County Sheriff’s Office,Jail Enforcement Model,2020-06-09,https://www.ice.gov/doclib/287gMOA/287gJEM_RefugioCoTX_06-09-2020.pdf,,20241218
2024-12-18 02:59:39,20241218025939.html,TEXAS,Rockwall County Sheriff's Office,Jail Enforcement Model,2020-06-09,https://www.ice.gov/doclib/287gMOA/287gJEMRockwallCoTX_06-09-2020.pdf,,20241218
2024-12-18 02:59:39,20241218025939.html,TEXAS,San Patricio County Sheriff’s Office,Jail Enforcement Model,2020-09-03,https://www.ice.gov/doclib/287gMOA/287gJEM_SanPatricioCoTX_09-03-2020.pdf,,20241218
2024-12-18 02:59:39,20241218025939.html,TEXAS,Smith County Sheriff’s Office,Jail Enforcement Model,2020-06-09,https://www.ice.gov/doclib/287gMOA/287gJEM_SmithCoTX_06-09-2020.pdf,,20241218
2024-12-18 02:59:39,20241218025939.html,TEXAS,Tarrant County Sheriff’s Office,Jail Enforcement Model,2020-06-16,https://www.ice.gov/doclib/287gMOA/287g_JEM_TarrantCoTX_06-16-2020.pdf,,20241218
2024-12-18 02:59:39,20241218025939.html,TEXAS,Terrell County Sheriff's Office,Jail Enforcement Model,2020-06-09,https://www.ice.gov/doclib/287gMOA/287gJEM_TerrellCoTX_06-09-2020.pdf,,20241218
2024-12-18 02:59:39,20241218025939.html,TEXAS,Victoria County Sheriff’s Office,Jail Enforcement Model,2020-06-08,https://www.ice.gov/doclib/287gMOA/287gJEM_VictoriaCoTX_06-08-2020.pdf,,20241218
2024-12-18 02:59:39,20241218025939.html,TEXAS,Walker County Sheriff’s Department,Jail Enforcement Model,2020-06-09,https://www.ice.gov/doclib/287gMOA/287gJEM_WalkerCoTX_06-09-2020.pdf,,20241218
2024-12-18 02:59:39,20241218025939.html,TEXAS,Waller County Sheriff’s Office,Warrant Service Officer,2020-02-12,https://www.ice.gov/doclib/287gMOA/287gWSO_WallerCoTx2020-02-12.pdf,,20241218
2024-12-18 02:59:39,20241218025939.html,TEXAS,Wharton County Sheriff’s Office,Jail Enforcement Model,2020-06-09,https://www.ice.gov/doclib/287gMOA/287gJEM_WhartonCoTX_06-09-2020.pdf,,20241218
2024-12-18 02:59:39,20241218025939.html,WISCONSIN,Brown County Sheriff's Office,Warrant Service Officer,2020-10-16,https://www.ice.gov/doclib/287gMOA/287gWSO_BrownCoWI_10-16-2020.pdf,,20241218
2024-12-18 02:59:39,20241218025939.html,WISCONSIN,Fond du Lac County Sheriff's Office,Warrant Service Officer,2020-06-05,https://www.ice.gov/doclib/287gMOA/287gWSO_FondDuLacCoWI_06-05-2020.pdf,,20241218
2024-12-18 02:59:39,20241218025939.html,WISCONSIN,Manitowoc County Sheriff's Office,Warrant Service Officer,2020-06-05,https://www.ice.gov/doclib/287gMOA/287gWSO_MantiowocCoWI_06-05-2020.pdf,,20241218
2024-12-18 02:59:39,20241218025939.html,WISCONSIN,Marquette County Sheriff's Office,Warrant Service Officer,2020-05-21,https://www.ice.gov/doclib/287gMOA/287gWSO_MarquetteWI_05-21-2020.pdf,,20241218
2024-12-18 02:59:39,20241218025939.html,WISCONSIN,Sheboygan County Sheriff's Office,Warrant Service Officer,2020-02-27,https://www.ice.gov/doclib/287gMOA/287gWSO_SheboyganCoWi2020-02-27.pdf,,20241218
2024-12-18 02:59:39,20241218025939.html,WISCONSIN,Waukesha County Sheriff's Office,Jail Enforcement Model,2020-06-10,https://www.ice.gov/doclib/287gMOA/287gJEM_WaukeshaCoWI_06-10-2020.pdf,,20241218
2024-12-18 02:59:39,20241218025939.html,WISCONSIN,Waushara County Sheriff's Office,Warrant Service Officer,2020-06-08,https://www.ice.gov/doclib/287gMOA/287gWSO_WausharaCoWi2020-06-08.pdf,,20241218
2024-12-18 02:59:39,20241218025939.html,WYOMING,Sweetwater County Sheriff's Office,Warrant Service Officer,2020-03-13,https://www.ice.gov/doclib/287gMOA/287gWSO_SweetwaterCoWY_03-13-2020.pdf,,20241218
